car_id,model,country,doors,year,carbody,steering_wheel,price,repair_status_id,last_service_date
EV0832021,EVDF,UK,5,2021,Hatchback,Left,60000.00,,
EV3572022,EVADF,UK,3,2022,Sedan,Left,110000.00,,
EV8712022,EVDF,USA,5,2022,SUV,Right,60000.00,,
EV7992020,EVADF,UK,3,2020,SUV,Right,110000.00,,
EV1212018,EVDF,UK,3,2018,Hatchback,Left,60000.00,,
EV7342020,EVDF,UK,5,2020,Hatchback,Left,60000.00,,
EV3292019,EVADF,UK,5,2019,SUV,Right,110000.00,,
EV3192020,EVDL,UK,3,2020,SUV,Left,40000.00,,
EV7172021,EVDF,UK,5,2021,SUV,Left,60000.00,,
EV1682018,EVADF,UK,3,2018,Hatchback,Right,110000.00,,
EV7222019,EVDF,USA,5,2019,Sedan,Left,60000.00,,
EV3922021,EVADF,UK,5,2021,SUV,Right,110000.00,,
EV2632018,EVDL,UK,5,2018,Sedan,Right,40000.00,,
EV8842021,EVDF,UK,5,2021,Sedan,Left,60000.00,,
EV0202020,EVDF,UK,5,2020,Hatchback,Left,60000.00,,
EV1372020,EVDL,UK,5,2020,SUV,Left,40000.00,,
EV8292018,EVSE,UK,5,2018,Hatchback,Left,60000.00,,
EV8392020,EVBTF,USA,5,2020,Hatchback,Left,40000.00,,
EV1922016,EVDF,UK,5,2016,Hatchback,Right,60000.00,,
EV2362022,EVDF,USA,5,2022,Sedan,Left,60000.00,,
EV1042022,EVADF,UK,5,2022,Hatchback,Left,110000.00,,
EV1202017,EVDF,USA,5,2017,SUV,Left,60000.00,,
EV6522021,EVDF,UK,3,2021,SUV,Right,60000.00,,
EV1562018,EVDF,USA,3,2018,Hatchback,Left,60000.00,,
EV8412018,EVDF,UK,5,2018,Sedan,Left,60000.00,,
EV2892021,EVADF,USA,5,2021,SUV,Right,110000.00,,
EV9792021,EVDF,UK,5,2021,Sedan,Left,60000.00,,
EV1532022,EVDF,UK,5,2022,Sedan,Right,60000.00,,
EV9712018,EVDL,UK,5,2018,Hatchback,Left,40000.00,,
EV8962020,EVDL,UK,3,2020,Hatchback,Left,40000.00,,
EV3982020,EVADF,UK,5,2020,SUV,Left,110000.00,,
EV6972021,EVDF,USA,3,2021,Hatchback,Left,60000.00,,
EV0052022,EVDL,UK,5,2022,SUV,Left,40000.00,,
EV9422020,EVSE,UK,5,2020,Hatchback,Right,60000.00,,
EV4512018,EVDF,USA,5,2018,Sedan,Left,60000.00,,
EV5552022,EVDF,USA,3,2022,Sedan,Left,60000.00,,
EV0922022,EVDF,UK,5,2022,Hatchback,Left,60000.00,,
EV3812021,EVDF,UK,3,2021,Hatchback,Left,60000.00,,
EV7482021,EVDF,UK,5,2021,Hatchback,Left,60000.00,,
EV3042021,EVSE,USA,5,2021,Hatchback,Left,60000.00,,
EV7082019,EVDL,UK,5,2019,Hatchback,Left,40000.00,,
EV6432018,EVDL,UK,3,2018,Sedan,Right,40000.00,,
EV9182020,EVADF,UK,5,2020,Hatchback,Left,110000.00,,
EV5792021,EVADF,USA,5,2021,SUV,Right,110000.00,,
EV0232019,EVDL,UK,3,2019,SUV,Left,40000.00,,
EV4252017,EVSE,UK,5,2017,Hatchback,Left,60000.00,,
EV5422019,EVSE,USA,3,2019,Hatchback,Right,60000.00,,
EV0712022,EVSE,UK,3,2022,Sedan,Left,60000.00,,
EV0252021,EVDL,UK,3,2021,Hatchback,Left,40000.00,,
EV0282022,EVADF,UK,5,2022,Sedan,Left,110000.00,,
EV5542022,EVDF,UK,5,2022,SUV,Right,60000.00,,
EV6602021,EVDF,UK,5,2021,Hatchback,Right,60000.00,,
EV2702019,EVADF,UK,3,2019,Hatchback,Left,110000.00,,
EV4382022,EVDF,UK,5,2022,Hatchback,Left,60000.00,,
EV9782022,EVSE,UK,3,2022,Sedan,Left,60000.00,,
EV0132020,EVADF,UK,5,2020,SUV,Left,110000.00,,
EV3052021,EVDF,UK,5,2021,SUV,Left,60000.00,,
EV6852019,EVDF,UK,5,2019,SUV,Left,60000.00,,
EV5892021,EVDF,USA,3,2021,Sedan,Left,60000.00,,
EV5912022,EVDF,UK,5,2022,Sedan,Right,60000.00,,
EV6412022,EVADF,UK,5,2022,Hatchback,Right,110000.00,,
EV2692021,EVBTF,UK,3,2021,Hatchback,Left,40000.00,,
EV8792022,EVADF,UK,5,2022,Sedan,Right,110000.00,,
EV3522022,EVDF,UK,5,2022,Hatchback,Left,60000.00,,
EV9022020,EVDF,UK,5,2020,Hatchback,Left,60000.00,,
EV5302016,EVDF,UK,5,2016,SUV,Right,60000.00,,
EV1812021,EVDL,USA,5,2021,Hatchback,Left,40000.00,,
EV4842021,EVDL,UK,3,2021,Sedan,Left,40000.00,,
EV5632022,EVDL,UK,3,2022,Hatchback,Left,40000.00,,
EV3582019,EVDF,UK,5,2019,Hatchback,Right,60000.00,,
EV8092021,EVDF,UK,5,2021,Hatchback,Left,60000.00,,
EV9562020,EVDF,UK,3,2020,Sedan,Left,60000.00,,
EV0072018,EVBTF,UK,5,2018,Sedan,Left,40000.00,,
EV8752021,EVDF,USA,3,2021,Hatchback,Left,60000.00,,
EV8612021,EVDF,UK,5,2021,Hatchback,Left,60000.00,,
EV7122022,EVDL,UK,3,2022,Sedan,Left,40000.00,,
EV5112019,EVDF,USA,5,2019,Hatchback,Right,60000.00,,
EV6862022,EVDL,UK,3,2022,SUV,Left,40000.00,,
EV7942022,EVADF,UK,5,2022,Sedan,Left,110000.00,,
EV7842021,EVDF,UK,5,2021,Sedan,Left,60000.00,,
EV0092021,EVADF,UK,3,2021,SUV,Left,110000.00,,
EV1892021,EVDF,UK,3,2021,SUV,Left,60000.00,,
EV9442020,EVDF,UK,3,2020,Hatchback,Left,60000.00,,
EV6332022,EVDF,UK,5,2022,Sedan,Right,60000.00,,
EV0642016,EVBTF,UK,5,2016,SUV,Right,40000.00,,
EV0332022,EVDF,USA,5,2022,Hatchback,Right,60000.00,,
EV4172021,EVDF,USA,5,2021,SUV,Right,60000.00,,
EV2262018,EVDL,UK,5,2018,SUV,Right,40000.00,,
EV7422019,EVSE,UK,3,2019,Hatchback,Right,60000.00,,
EV0572022,EVDF,UK,5,2022,Hatchback,Left,60000.00,,
EV1462020,EVDF,UK,5,2020,Hatchback,Left,60000.00,,
EV7582019,EVADF,UK,5,2019,Sedan,Left,110000.00,,
EV5732018,EVSE,UK,5,2018,Hatchback,Right,60000.00,,
EV7112022,EVDL,USA,5,2022,Sedan,Left,40000.00,,
EV1162022,EVADF,USA,5,2022,Hatchback,Right,110000.00,,
EV8122019,EVDF,UK,3,2019,Sedan,Right,60000.00,,
EV3102018,EVDL,USA,3,2018,Sedan,Left,40000.00,,
EV7922019,EVDL,UK,5,2019,Sedan,Left,40000.00,,
EV1342020,EVSE,UK,3,2020,Sedan,Left,60000.00,,
EV9012022,EVDF,UK,3,2022,SUV,Left,60000.00,,
EV6592020,EVDF,UK,5,2020,Hatchback,Right,60000.00,,
EV0872022,EVDF,USA,5,2022,SUV,Left,60000.00,,
EV6692018,EVADF,UK,3,2018,Sedan,Left,110000.00,,
EV9772022,EVDF,UK,3,2022,SUV,Left,60000.00,,
EV7292021,EVADF,UK,5,2021,Hatchback,Left,110000.00,,
EV8762017,EVDL,UK,5,2017,Hatchback,Left,40000.00,,
EV5402018,EVDF,UK,5,2018,Sedan,Left,60000.00,,
EV6232021,EVDF,UK,3,2021,Hatchback,Right,60000.00,,
EV0852017,EVDF,UK,3,2017,Sedan,Left,60000.00,,
EV2952018,EVDF,USA,3,2018,Sedan,Right,60000.00,,
EV1262019,EVDF,UK,5,2019,SUV,Left,60000.00,,
EV8442020,EVSE,USA,5,2020,Sedan,Right,60000.00,,
EV7912022,EVDF,UK,5,2022,SUV,Left,60000.00,,
EV8162019,EVADF,UK,5,2019,SUV,Right,110000.00,,
EV8032019,EVDL,UK,5,2019,Sedan,Left,40000.00,,
EV5482020,EVDF,UK,3,2020,SUV,Left,60000.00,,
EV4672022,EVSE,UK,3,2022,Sedan,Right,60000.00,,
EV2902016,EVDL,UK,5,2016,SUV,Left,40000.00,,
EV9902021,EVADF,UK,3,2021,Hatchback,Left,110000.00,,
EV7452020,EVDL,UK,5,2020,Hatchback,Left,40000.00,,
EV0412022,EVDF,UK,5,2022,Sedan,Left,60000.00,,
EV9722022,EVSE,UK,5,2022,Sedan,Left,60000.00,,
EV0952021,EVDF,UK,5,2021,Hatchback,Left,60000.00,,
EV8082020,EVDL,UK,5,2020,SUV,Left,40000.00,,
EV6152016,EVDF,UK,5,2016,Sedan,Right,60000.00,,
EV4892021,EVDF,UK,5,2021,Hatchback,Left,60000.00,,
EV7742022,EVDF,UK,5,2022,Hatchback,Left,60000.00,,
EV2422017,EVDL,UK,5,2017,Hatchback,Right,40000.00,,
EV4372019,EVDF,UK,5,2019,Hatchback,Left,60000.00,,
EV2562022,EVADF,UK,5,2022,SUV,Left,110000.00,,
EV6542018,EVDF,UK,3,2018,SUV,Left,60000.00,,
EV2812022,EVDF,UK,3,2022,Hatchback,Right,60000.00,,
EV9852020,EVDF,UK,3,2020,SUV,Left,60000.00,,
EV5132022,EVDF,USA,5,2022,Hatchback,Right,60000.00,,
EV6402022,EVADF,UK,3,2022,SUV,Right,110000.00,,
EV9922020,EVDL,UK,5,2020,SUV,Left,40000.00,,
EV3482019,EVDF,UK,5,2019,Hatchback,Right,60000.00,,
EV0272021,EVDL,UK,3,2021,Hatchback,Left,40000.00,,
EV5262021,EVBTF,UK,5,2021,Sedan,Left,40000.00,,
EV8892020,EVDL,UK,5,2020,Sedan,Left,40000.00,,
EV7542022,EVADF,UK,5,2022,Sedan,Right,110000.00,,
EV1182022,EVDF,UK,3,2022,SUV,Left,60000.00,,
EV2332020,EVADF,USA,5,2020,Hatchback,Left,110000.00,,
EV1872022,EVDF,UK,5,2022,Sedan,Left,60000.00,,
EV5392022,EVDF,USA,5,2022,Sedan,Left,60000.00,,
EV4872020,EVADF,UK,5,2020,SUV,Right,110000.00,,
EV8942020,EVDF,USA,5,2020,Hatchback,Left,60000.00,,
EV9532017,EVDF,USA,5,2017,SUV,Right,60000.00,,
EV3162022,EVDF,UK,5,2022,Sedan,Left,60000.00,,
EV4182019,EVDF,UK,5,2019,Hatchback,Left,60000.00,,
EV4282020,EVADF,UK,3,2020,Hatchback,Left,110000.00,,
EV6042020,EVADF,UK,5,2020,Hatchback,Right,110000.00,,
EV7792021,EVDF,UK,3,2021,Hatchback,Right,60000.00,,
EV0982022,EVADF,USA,3,2022,Hatchback,Left,110000.00,,
EV5002020,EVADF,UK,5,2020,Sedan,Left,110000.00,,
EV4772020,EVADF,USA,5,2020,SUV,Left,110000.00,,
EV2802022,EVDF,USA,5,2022,Sedan,Right,60000.00,,
EV3642021,EVDF,UK,5,2021,SUV,Left,60000.00,,
EV5142021,EVDF,UK,5,2021,Sedan,Left,60000.00,,
EV5772022,EVDF,UK,5,2022,Hatchback,Left,60000.00,,
EV7142021,EVDL,UK,5,2021,Hatchback,Left,40000.00,,
EV9072022,EVADF,UK,5,2022,SUV,Left,110000.00,,
EV1802021,EVSE,UK,5,2021,SUV,Left,60000.00,,
EV1852019,EVADF,UK,3,2019,SUV,Left,110000.00,,
EV3222022,EVBTF,UK,3,2022,Hatchback,Left,40000.00,,
EV5292020,EVDL,UK,3,2020,Sedan,Left,40000.00,,
EV6702021,EVDF,UK,5,2021,Hatchback,Right,60000.00,,
EV2552021,EVSE,UK,3,2021,Sedan,Left,60000.00,,
EV4762021,EVDF,USA,5,2021,Hatchback,Left,60000.00,,
EV5452022,EVADF,UK,5,2022,Hatchback,Left,110000.00,,
EV4782020,EVADF,UK,5,2020,SUV,Left,110000.00,,
EV4002021,EVDL,UK,3,2021,Sedan,Left,40000.00,,
EV1672016,EVDF,UK,5,2016,Hatchback,Left,60000.00,,
EV2542022,EVDL,UK,3,2022,Sedan,Right,40000.00,,
EV9942022,EVADF,USA,5,2022,Hatchback,Left,110000.00,,
EV1722020,EVDF,UK,3,2020,Hatchback,Left,60000.00,,
EV2172019,EVADF,UK,3,2019,Hatchback,Left,110000.00,,
EV5282019,EVDF,UK,5,2019,SUV,Left,60000.00,,
EV2092022,EVDF,UK,3,2022,SUV,Left,60000.00,,
EV7972022,EVDF,UK,5,2022,Sedan,Left,60000.00,,
EV0062022,EVDF,USA,5,2022,Sedan,Left,60000.00,,
EV8572018,EVDF,UK,3,2018,Sedan,Left,60000.00,,
EV0702016,EVDF,UK,3,2016,Sedan,Left,60000.00,,
EV7882019,EVDL,USA,3,2019,Hatchback,Left,40000.00,,
EV6492021,EVSE,UK,3,2021,Sedan,Right,60000.00,,
EV6082016,EVDL,UK,3,2016,Hatchback,Left,40000.00,,
EV5682016,EVADF,UK,5,2016,SUV,Right,110000.00,,
EV6812021,EVDL,UK,5,2021,Sedan,Right,40000.00,,
EV2432020,EVADF,UK,3,2020,Sedan,Left,110000.00,,
EV1862020,EVDL,UK,5,2020,Hatchback,Right,40000.00,,
EV2532016,EVADF,UK,5,2016,SUV,Right,110000.00,,
EV3382019,EVBTF,UK,3,2019,Hatchback,Left,40000.00,,
EV3202021,EVDF,UK,5,2021,Hatchback,Left,60000.00,,
EV3002019,EVADF,UK,5,2019,SUV,Right,110000.00,,
EV1612021,EVDF,UK,3,2021,Hatchback,Left,60000.00,,
EV8782018,EVDF,USA,5,2018,SUV,Right,60000.00,,
EV9802019,EVDL,USA,5,2019,Sedan,Left,40000.00,,
EV9122021,EVDF,UK,3,2021,Hatchback,Left,60000.00,,
EV4572022,EVSE,UK,5,2022,Hatchback,Left,60000.00,,
EV4502022,EVDF,UK,3,2022,Hatchback,Left,60000.00,,
EV5922016,EVDL,UK,3,2016,Hatchback,Left,40000.00,,
EV1912020,EVSE,UK,5,2020,SUV,Left,60000.00,,
EV5982019,EVSE,UK,5,2019,SUV,Right,60000.00,,
EV7212022,EVADF,UK,3,2022,Hatchback,Left,110000.00,,
EV0552016,EVSE,UK,5,2016,SUV,Right,60000.00,,
EV1172018,EVDF,UK,3,2018,Sedan,Left,60000.00,,
EV3672022,EVDF,UK,5,2022,SUV,Left,60000.00,,
EV3152022,EVBTF,USA,3,2022,Sedan,Left,40000.00,,
EV3032020,EVDL,UK,5,2020,SUV,Left,40000.00,,
EV0222022,EVDL,UK,5,2022,SUV,Left,40000.00,,
EV4962017,EVSE,UK,5,2017,SUV,Right,60000.00,,
EV0882021,EVDF,UK,5,2021,Sedan,Left,60000.00,,
EV4302020,EVDL,UK,3,2020,SUV,Left,40000.00,,
EV3842022,EVDF,UK,3,2022,SUV,Right,60000.00,,
EV7892021,EVDF,UK,5,2021,Hatchback,Right,60000.00,,
EV4532022,EVDF,USA,3,2022,SUV,Left,60000.00,,
EV9132020,EVDF,UK,5,2020,Sedan,Left,60000.00,,
EV8402020,EVSE,USA,3,2020,Sedan,Left,60000.00,,
EV4972016,EVADF,USA,5,2016,SUV,Right,110000.00,,
EV8302020,EVDF,UK,3,2020,Hatchback,Left,60000.00,,
EV5532022,EVDL,UK,5,2022,Sedan,Left,40000.00,,
EV4492021,EVDL,UK,5,2021,Hatchback,Left,40000.00,,
EV5232018,EVDL,UK,3,2018,Sedan,Left,40000.00,,
EV9452021,EVDF,USA,5,2021,SUV,Left,60000.00,,
EV1582020,EVADF,UK,3,2020,SUV,Right,110000.00,,
EV2742022,EVSE,UK,5,2022,Hatchback,Left,60000.00,,
EV3632022,EVADF,UK,5,2022,SUV,Left,110000.00,,
EV9352016,EVDF,UK,3,2016,Sedan,Left,60000.00,,
EV9952022,EVDF,UK,3,2022,Sedan,Left,60000.00,,
EV9252020,EVDF,UK,3,2020,Hatchback,Left,60000.00,,
EV6102022,EVDF,UK,5,2022,Hatchback,Right,60000.00,,
EV9332022,EVDF,UK,3,2022,Hatchback,Left,60000.00,,
EV9992017,EVSE,UK,3,2017,Hatchback,Left,60000.00,,
EV0502022,EVDF,UK,3,2022,Sedan,Right,60000.00,,
EV1332016,EVADF,UK,5,2016,Sedan,Left,110000.00,,
EV8492017,EVDL,UK,5,2017,Hatchback,Right,40000.00,,
EV7202019,EVDF,UK,5,2019,Sedan,Left,60000.00,,
EV9392020,EVSE,UK,3,2020,SUV,Left,60000.00,,
EV2212022,EVDF,UK,5,2022,Hatchback,Left,60000.00,,
EV2402022,EVDL,USA,5,2022,Hatchback,Left,40000.00,,
EV4982022,EVDF,USA,5,2022,Hatchback,Right,60000.00,,
EV2442018,EVDL,UK,5,2018,SUV,Left,40000.00,,
EV2752016,EVSE,UK,3,2016,Sedan,Left,60000.00,,
EV2612022,EVDF,UK,3,2022,Sedan,Left,60000.00,,
EV6392022,EVDL,UK,5,2022,Hatchback,Left,40000.00,,
EV1132022,EVADF,UK,5,2022,Hatchback,Left,110000.00,,
EV1432022,EVDF,UK,3,2022,Hatchback,Right,60000.00,,
EV3732020,EVDL,USA,5,2020,SUV,Left,40000.00,,
EV3962022,EVDF,UK,3,2022,Hatchback,Left,60000.00,,
EV2862021,EVBTF,UK,5,2021,SUV,Right,40000.00,,
EV4022019,EVADF,UK,3,2019,Sedan,Left,110000.00,,
EV9642018,EVDF,UK,5,2018,SUV,Left,60000.00,,
EV7432020,EVSE,UK,5,2020,Hatchback,Left,60000.00,,
EV8352019,EVDF,UK,3,2019,Sedan,Left,60000.00,,
EV0992017,EVDL,USA,5,2017,SUV,Left,40000.00,,
EV7382018,EVDF,UK,5,2018,SUV,Right,60000.00,,
EV9512016,EVDL,UK,3,2016,SUV,Right,40000.00,,
EV9212017,EVDL,UK,5,2017,Hatchback,Left,40000.00,,
EV2322017,EVBTF,UK,5,2017,Sedan,Left,40000.00,,
EV6682022,EVADF,UK,5,2022,SUV,Right,110000.00,,
EV8102021,EVDF,UK,5,2021,Sedan,Right,60000.00,,
EV8012021,EVSE,UK,3,2021,Hatchback,Left,60000.00,,
EV7962019,EVADF,UK,5,2019,SUV,Left,110000.00,,
EV1952021,EVBTF,UK,3,2021,Sedan,Left,40000.00,,
EV5812020,EVDF,UK,5,2020,Hatchback,Left,60000.00,,
EV9472017,EVADF,USA,5,2017,SUV,Left,110000.00,,
EV0532022,EVADF,UK,5,2022,Hatchback,Left,110000.00,,
EV7612022,EVDF,USA,5,2022,Hatchback,Left,60000.00,,
EV7762018,EVDL,USA,3,2018,SUV,Right,40000.00,,
EV4072016,EVSE,USA,5,2016,SUV,Right,60000.00,,
EV1902022,EVDL,UK,5,2022,Sedan,Left,40000.00,,
EV0902021,EVADF,UK,5,2021,SUV,Right,110000.00,,
EV3742020,EVDF,UK,3,2020,Sedan,Right,60000.00,,
EV3502022,EVDF,UK,5,2022,SUV,Left,60000.00,,
EV4792022,EVBTF,USA,5,2022,SUV,Left,40000.00,,
EV8822022,EVDL,UK,3,2022,Hatchback,Left,40000.00,,
EV6202022,EVADF,USA,5,2022,Hatchback,Left,110000.00,,
EV8932019,EVBTF,USA,5,2019,SUV,Right,40000.00,,
EV5502022,EVDF,UK,5,2022,Sedan,Left,60000.00,,
EV0652020,EVDF,UK,5,2020,Sedan,Left,60000.00,,
EV6002016,EVSE,USA,5,2016,Hatchback,Left,60000.00,,
EV2112021,EVADF,UK,5,2021,Hatchback,Left,110000.00,,
EV1502016,EVBTF,UK,3,2016,Sedan,Right,40000.00,,
EV2492021,EVADF,USA,3,2021,Hatchback,Right,110000.00,,
EV6892020,EVDF,UK,3,2020,Hatchback,Left,60000.00,,
EV4622022,EVDF,USA,5,2022,Sedan,Left,60000.00,,
EV3182017,EVDF,UK,3,2017,Hatchback,Left,60000.00,,
EV7832022,EVSE,UK,3,2022,Sedan,Left,60000.00,,
EV0392020,EVDF,UK,5,2020,Hatchback,Right,60000.00,,
EV5972022,EVADF,UK,5,2022,Sedan,Left,110000.00,,
EV1012021,EVADF,UK,3,2021,SUV,Right,110000.00,,
EV7852020,EVDF,UK,5,2020,Hatchback,Left,60000.00,,
EV8272018,EVDL,UK,3,2018,Sedan,Right,40000.00,,
EV8882022,EVDF,UK,5,2022,Sedan,Left,60000.00,,
EV2942021,EVDF,UK,5,2021,Hatchback,Left,60000.00,,
EV1742018,EVDF,UK,5,2018,Sedan,Right,60000.00,,
EV6122020,EVDF,USA,5,2020,Hatchback,Right,60000.00,,
EV7332019,EVDF,UK,5,2019,SUV,Right,60000.00,,
EV5442021,EVADF,UK,5,2021,Sedan,Left,110000.00,,
EV2242020,EVDL,UK,3,2020,Sedan,Left,40000.00,,
EV4612022,EVDL,UK,3,2022,SUV,Left,40000.00,,
EV1962022,EVBTF,UK,5,2022,SUV,Left,40000.00,,
EV7262016,EVDF,UK,5,2016,SUV,Left,60000.00,,
EV2652016,EVDF,USA,5,2016,SUV,Left,60000.00,,
EV9592020,EVBTF,UK,3,2020,Hatchback,Left,40000.00,,
EV5512021,EVBTF,UK,3,2021,Sedan,Right,40000.00,,
EV0862018,EVDF,UK,5,2018,Hatchback,Left,60000.00,,
EV5162016,EVSE,USA,5,2016,Hatchback,Left,60000.00,,
EV4362022,EVDL,UK,3,2022,Hatchback,Right,40000.00,,
EV4442022,EVDL,UK,5,2022,Hatchback,Left,40000.00,,
EV2642020,EVDL,USA,5,2020,Hatchback,Left,40000.00,,
EV8542021,EVDF,UK,5,2021,SUV,Right,60000.00,,
EV8722020,EVDF,UK,5,2020,Hatchback,Right,60000.00,,
EV4212017,EVDF,UK,5,2017,Sedan,Left,60000.00,,
EV3132017,EVDF,USA,3,2017,SUV,Right,60000.00,,
EV4452017,EVDF,UK,5,2017,SUV,Left,60000.00,,
EV0352021,EVDL,UK,5,2021,Hatchback,Left,40000.00,,
EV5722018,EVADF,USA,5,2018,Sedan,Right,110000.00,,
EV6182022,EVDL,UK,5,2022,Hatchback,Right,40000.00,,
EV3232021,EVDF,UK,3,2021,SUV,Left,60000.00,,
EV4702022,EVSE,USA,5,2022,Sedan,Left,60000.00,,
EV3352020,EVADF,UK,3,2020,Sedan,Left,110000.00,,
EV8252022,EVSE,USA,5,2022,Hatchback,Right,60000.00,,
EV9752018,EVDL,UK,5,2018,Sedan,Right,40000.00,,
EV0592021,EVDF,UK,5,2021,Hatchback,Left,60000.00,,
EV0672021,EVDL,UK,3,2021,Hatchback,Right,40000.00,,
EV0192022,EVADF,UK,3,2022,Hatchback,Left,110000.00,,
EV2382022,EVDF,UK,3,2022,Sedan,Left,60000.00,,
EV6762022,EVDL,UK,5,2022,SUV,Left,40000.00,,
EV5122020,EVADF,UK,3,2020,SUV,Left,110000.00,,
EV2482022,EVDF,UK,5,2022,Sedan,Left,60000.00,,
EV6222016,EVDL,UK,5,2016,Hatchback,Left,40000.00,,
EV4542017,EVDL,UK,3,2017,Sedan,Left,40000.00,,
EV0302018,EVDF,UK,5,2018,SUV,Right,60000.00,,
EV4202020,EVDL,UK,5,2020,Sedan,Left,40000.00,,
EV5662018,EVDF,UK,5,2018,Hatchback,Right,60000.00,,
EV0312019,EVDF,UK,5,2019,Hatchback,Left,60000.00,,
EV5182018,EVSE,USA,3,2018,SUV,Right,60000.00,,
EV9242019,EVDF,UK,3,2019,SUV,Left,60000.00,,
EV2502022,EVADF,UK,5,2022,Sedan,Right,110000.00,,
EV5932018,EVDF,UK,3,2018,Sedan,Right,60000.00,,
EV2932019,EVSE,UK,5,2019,SUV,Left,60000.00,,
EV0932017,EVSE,UK,3,2017,Hatchback,Left,60000.00,,
EV7812021,EVDF,USA,3,2021,SUV,Left,60000.00,,
EV0032019,EVDF,UK,3,2019,Hatchback,Left,60000.00,,
EV9142018,EVDF,UK,5,2018,Sedan,Left,60000.00,,
EV3612022,EVBTF,UK,3,2022,SUV,Left,40000.00,,
EV7552021,EVADF,UK,5,2021,SUV,Left,110000.00,,
EV4352022,EVDF,UK,5,2022,Hatchback,Left,60000.00,,
EV0362021,EVADF,UK,5,2021,Hatchback,Left,110000.00,,
EV1382022,EVDL,UK,5,2022,SUV,Left,40000.00,,
EV8112022,EVDF,UK,3,2022,Sedan,Left,60000.00,,
EV7562020,EVDF,UK,5,2020,Hatchback,Left,60000.00,,
EV3682017,EVDF,UK,3,2017,Sedan,Right,60000.00,,
EV6342021,EVDL,UK,5,2021,Sedan,Left,40000.00,,
EV2782019,EVDF,UK,5,2019,SUV,Left,60000.00,,
EV5242020,EVADF,UK,5,2020,SUV,Right,110000.00,,
EV4942022,EVADF,UK,5,2022,Hatchback,Left,110000.00,,
EV7012021,EVDL,UK,5,2021,Sedan,Left,40000.00,,
EV3592022,EVSE,UK,3,2022,Hatchback,Right,60000.00,,
EV7272022,EVDF,USA,5,2022,Hatchback,Left,60000.00,,
EV6482021,EVDL,UK,5,2021,SUV,Left,40000.00,,
EV0472022,EVDF,UK,5,2022,Sedan,Right,60000.00,,
EV8332021,EVDF,USA,5,2021,SUV,Left,60000.00,,
EV9972020,EVDL,UK,3,2020,SUV,Left,40000.00,,
EV5642018,EVDF,USA,5,2018,SUV,Left,60000.00,,
EV4562021,EVADF,UK,3,2021,Hatchback,Right,110000.00,,
EV8422022,EVDF,UK,5,2022,Sedan,Right,60000.00,,
EV0022021,EVBTF,UK,5,2021,SUV,Left,40000.00,,
EV2712021,EVDF,UK,5,2021,Hatchback,Left,60000.00,,
EV3652022,EVBTF,UK,5,2022,Sedan,Left,40000.00,,
EV1932021,EVSE,UK,3,2021,Sedan,Left,60000.00,,
EV8182022,EVDL,UK,3,2022,Hatchback,Right,40000.00,,
EV7132018,EVDF,UK,5,2018,SUV,Left,60000.00,,
EV3362016,EVADF,USA,5,2016,SUV,Left,110000.00,,
EV3952022,EVDL,UK,5,2022,SUV,Left,40000.00,,
EV2452022,EVDF,UK,5,2022,SUV,Left,60000.00,,
EV1102021,EVDL,UK,5,2021,Sedan,Left,40000.00,,
EV9432020,EVDL,UK,5,2020,SUV,Left,40000.00,,
EV7572021,EVADF,UK,5,2021,Hatchback,Left,110000.00,,
EV4862022,EVDF,UK,5,2022,Hatchback,Left,60000.00,,
EV9842019,EVDF,UK,3,2019,Hatchback,Left,60000.00,,
EV2852018,EVDF,UK,3,2018,Hatchback,Right,60000.00,,
EV9582017,EVDF,UK,5,2017,Hatchback,Left,60000.00,,
EV7042021,EVDL,UK,5,2021,SUV,Left,40000.00,,
EV4712022,EVADF,USA,3,2022,Hatchback,Left,110000.00,,
EV1252018,EVSE,UK,5,2018,Hatchback,Left,60000.00,,
EV7462020,EVDF,UK,5,2020,Sedan,Left,60000.00,,
EV7512022,EVBTF,USA,3,2022,Hatchback,Right,40000.00,,
EV1512021,EVDL,UK,5,2021,SUV,Left,40000.00,,
EV8142017,EVDF,UK,5,2017,Hatchback,Left,60000.00,,
EV6672018,EVADF,UK,3,2018,Hatchback,Left,110000.00,,
EV7192020,EVDF,UK,3,2020,Hatchback,Right,60000.00,,
EV6782017,EVDL,USA,3,2017,Hatchback,Right,40000.00,,
EV4902020,EVDL,UK,3,2020,SUV,Left,40000.00,,
EV5062021,EVADF,UK,5,2021,SUV,Left,110000.00,,
EV3062018,EVADF,USA,5,2018,Hatchback,Right,110000.00,,
EV3462022,EVSE,USA,5,2022,Hatchback,Right,60000.00,,
EV0762021,EVDF,USA,3,2021,SUV,Right,60000.00,,
EV8062019,EVSE,UK,5,2019,Hatchback,Left,60000.00,,
EV5092022,EVADF,UK,5,2022,Sedan,Left,110000.00,,
EV3762021,EVDF,UK,5,2021,SUV,Left,60000.00,,
EV3692020,EVDL,UK,3,2020,Sedan,Left,40000.00,,
EV3862020,EVADF,USA,5,2020,Hatchback,Right,110000.00,,
EV7162019,EVDL,UK,5,2019,SUV,Left,40000.00,,
EV6802022,EVDF,UK,5,2022,Hatchback,Left,60000.00,,
EV9682020,EVDL,UK,3,2020,Hatchback,Left,40000.00,,
EV6052021,EVSE,UK,5,2021,Hatchback,Left,60000.00,,
EV6512020,EVDF,USA,5,2020,Hatchback,Right,60000.00,,
EV4652021,EVADF,UK,5,2021,Sedan,Right,110000.00,,
EV9892021,EVDF,UK,3,2021,Hatchback,Right,60000.00,,
EV7872020,EVDF,UK,3,2020,Hatchback,Left,60000.00,,
EV4952020,EVDF,UK,5,2020,SUV,Left,60000.00,,
EV0182016,EVDF,UK,3,2016,SUV,Left,60000.00,,
EV9832017,EVADF,UK,3,2017,Sedan,Left,110000.00,,
EV7362020,EVDL,UK,3,2020,Sedan,Left,40000.00,,
EV0432020,EVBTF,USA,5,2020,Hatchback,Left,40000.00,,
EV8192020,EVDL,UK,3,2020,Sedan,Right,40000.00,,
EV9962019,EVSE,UK,3,2019,SUV,Left,60000.00,,
EV3372019,EVDF,USA,5,2019,Hatchback,Left,60000.00,,
EV6062021,EVDF,UK,3,2021,SUV,Left,60000.00,,
EV3112018,EVSE,UK,5,2018,Sedan,Right,60000.00,,
EV6962020,EVDL,UK,5,2020,Hatchback,Left,40000.00,,
EV5852018,EVDF,UK,5,2018,Hatchback,Left,60000.00,,
EV4692022,EVDF,UK,3,2022,Sedan,Left,60000.00,,
EV9272020,EVADF,UK,5,2020,SUV,Right,110000.00,,
EV3512018,EVSE,UK,5,2018,Hatchback,Left,60000.00,,
EV2572016,EVDF,UK,3,2016,SUV,Left,60000.00,,
EV1632017,EVDF,UK,5,2017,SUV,Right,60000.00,,
EV8212022,EVADF,UK,3,2022,Hatchback,Left,110000.00,,
EV3712018,EVADF,UK,3,2018,Sedan,Left,110000.00,,
EV8232018,EVDF,UK,3,2018,SUV,Right,60000.00,,
EV6302022,EVDL,UK,5,2022,Hatchback,Right,40000.00,,
EV3172018,EVBTF,UK,5,2018,Hatchback,Right,40000.00,,
EV4522017,EVADF,UK,5,2017,SUV,Left,110000.00,,
EV8322022,EVDF,UK,3,2022,Hatchback,Left,60000.00,,
EV5412022,EVDL,UK,3,2022,Hatchback,Left,40000.00,,
EV7622022,EVDF,UK,3,2022,SUV,Right,60000.00,,
EV0942020,EVADF,UK,5,2020,Hatchback,Left,110000.00,,
EV9042018,EVSE,UK,3,2018,SUV,Right,60000.00,,
EV4092022,EVBTF,USA,5,2022,Sedan,Left,40000.00,,
EV6662016,EVADF,USA,3,2016,Sedan,Left,110000.00,,
EV5802022,EVDF,UK,5,2022,Sedan,Right,60000.00,,
EV4052018,EVSE,UK,3,2018,Sedan,Left,60000.00,,
EV5052022,EVDF,UK,3,2022,Hatchback,Left,60000.00,,
EV5102022,EVSE,UK,3,2022,Hatchback,Left,60000.00,,
EV0752019,EVDF,UK,5,2019,Hatchback,Left,60000.00,,
EV0842016,EVADF,USA,3,2016,Hatchback,Left,110000.00,,
EV7602022,EVDF,UK,5,2022,SUV,Left,60000.00,,
EV2982021,EVDL,UK,5,2021,Hatchback,Right,40000.00,,
EV8462021,EVDL,USA,5,2021,Sedan,Left,40000.00,,
EV8132020,EVSE,UK,5,2020,Hatchback,Right,60000.00,,
EV7532022,EVDF,UK,5,2022,Hatchback,Right,60000.00,,
EV2462018,EVDF,UK,3,2018,Hatchback,Left,60000.00,,
EV4392020,EVSE,UK,5,2020,Hatchback,Left,60000.00,,
EV3602017,EVDL,UK,5,2017,Hatchback,Left,40000.00,,
EV6872022,EVDF,UK,3,2022,Sedan,Left,60000.00,,
EV2912021,EVADF,UK,3,2021,Sedan,Left,110000.00,,
EV2992019,EVDL,USA,3,2019,SUV,Left,40000.00,,
EV7772022,EVADF,USA,5,2022,Sedan,Left,110000.00,,
EV5582018,EVDL,UK,3,2018,Sedan,Left,40000.00,,
EV7642022,EVADF,UK,5,2022,Sedan,Right,110000.00,,
EV7442020,EVADF,UK,5,2020,Sedan,Right,110000.00,,
EV3902020,EVDF,UK,5,2020,SUV,Right,60000.00,,
EV9412021,EVDL,UK,3,2021,Sedan,Right,40000.00,,
EV4682022,EVADF,UK,5,2022,Hatchback,Right,110000.00,,
EV2042019,EVDF,UK,5,2019,Sedan,Left,60000.00,,
EV4912016,EVDL,UK,5,2016,Hatchback,Left,40000.00,,
EV7052021,EVDL,UK,3,2021,Hatchback,Left,40000.00,,
EV4322022,EVDL,UK,5,2022,SUV,Left,40000.00,,
EV2252022,EVDF,USA,5,2022,Sedan,Right,60000.00,,
EV2162021,EVDF,UK,5,2021,Hatchback,Left,60000.00,,
EV6942018,EVADF,UK,5,2018,Hatchback,Right,110000.00,,
EV2012021,EVDF,UK,3,2021,Sedan,Right,60000.00,,
EV4582021,EVDF,USA,5,2021,Sedan,Left,60000.00,,
EV5312021,EVSE,UK,5,2021,Hatchback,Left,60000.00,,
EV5022017,EVADF,USA,5,2017,Hatchback,Left,110000.00,,
EV9482020,EVADF,UK,5,2020,Sedan,Right,110000.00,,
EV9342021,EVDF,UK,3,2021,SUV,Right,60000.00,,
EV1942020,EVDL,UK,3,2020,Hatchback,Right,40000.00,,
EV8672018,EVDF,USA,5,2018,Sedan,Right,60000.00,,
EV6752021,EVADF,UK,3,2021,Sedan,Left,110000.00,,
EV4132021,EVADF,UK,3,2021,Sedan,Left,110000.00,,
EV5082022,EVBTF,UK,5,2022,Sedan,Right,40000.00,,
EV2132021,EVSE,UK,5,2021,SUV,Right,60000.00,,
EV3282022,EVDL,UK,5,2022,Hatchback,Left,40000.00,,
EV8482019,EVDL,USA,3,2019,SUV,Right,40000.00,,
EV8522022,EVBTF,USA,3,2022,SUV,Right,40000.00,,
EV5042022,EVADF,USA,3,2022,Sedan,Left,110000.00,,
EV4152016,EVDF,USA,5,2016,Hatchback,Left,60000.00,,
EV7592021,EVDF,UK,3,2021,Sedan,Left,60000.00,,
EV2312021,EVADF,UK,5,2021,Sedan,Left,110000.00,,
EV4992022,EVADF,UK,3,2022,Sedan,Left,110000.00,,
EV4432019,EVDF,UK,3,2019,Sedan,Left,60000.00,,
EV6502020,EVADF,UK,3,2020,Sedan,Right,110000.00,,
EV3242018,EVDF,UK,5,2018,Hatchback,Left,60000.00,,
EV1642017,EVADF,UK,5,2017,Hatchback,Left,110000.00,,
EV4662020,EVADF,USA,5,2020,Hatchback,Right,110000.00,,
EV5332022,EVDF,UK,3,2022,SUV,Right,60000.00,,
EV6922016,EVDF,USA,3,2016,Hatchback,Right,60000.00,,
EV5322022,EVADF,USA,5,2022,Sedan,Right,110000.00,,
EV1592022,EVDF,UK,3,2022,SUV,Left,60000.00,,
EV8992016,EVDF,USA,5,2016,SUV,Left,60000.00,,
EV7302022,EVDL,USA,3,2022,SUV,Left,40000.00,,
EV5712021,EVDF,UK,3,2021,Hatchback,Left,60000.00,,
EV9762018,EVADF,USA,5,2018,Sedan,Left,110000.00,,
EV4192021,EVADF,UK,5,2021,Hatchback,Left,110000.00,,
EV0632019,EVDF,UK,5,2019,SUV,Left,60000.00,,
EV0012020,EVADF,UK,3,2020,Sedan,Left,110000.00,,
EV2972021,EVADF,UK,5,2021,Hatchback,Left,110000.00,,
EV8452020,EVSE,UK,5,2020,SUV,Right,60000.00,,
EV9372022,EVADF,UK,3,2022,Hatchback,Right,110000.00,,
EV2232020,EVADF,UK,3,2020,Hatchback,Left,110000.00,,
EV0612022,EVDF,UK,5,2022,SUV,Left,60000.00,,
EV0972020,EVDF,UK,5,2020,Hatchback,Left,60000.00,,
EV6902022,EVADF,UK,5,2022,Sedan,Right,110000.00,,
EV2082020,EVDL,UK,5,2020,Hatchback,Left,40000.00,,
EV6442022,EVADF,UK,3,2022,Sedan,Left,110000.00,,
EV1692016,EVADF,UK,3,2016,Hatchback,Right,110000.00,,
EV2472020,EVADF,USA,5,2020,SUV,Left,110000.00,,
EV1622018,EVDF,UK,5,2018,SUV,Left,60000.00,,
EV9692019,EVADF,UK,5,2019,Hatchback,Right,110000.00,,
EV3452022,EVDF,USA,3,2022,Hatchback,Left,60000.00,,
EV7782020,EVDL,UK,5,2020,SUV,Left,40000.00,,
EV1272022,EVADF,UK,3,2022,Hatchback,Left,110000.00,,
EV1192018,EVDL,USA,3,2018,Hatchback,Right,40000.00,,
EV1762021,EVDF,UK,5,2021,Sedan,Right,60000.00,,
EV5492016,EVDL,UK,5,2016,Hatchback,Right,40000.00,,
EV7312019,EVDL,UK,3,2019,SUV,Left,40000.00,,
EV5952021,EVDF,UK,3,2021,Hatchback,Left,60000.00,,
EV0542019,EVDF,USA,3,2019,Hatchback,Left,60000.00,,
EV1482018,EVDF,UK,5,2018,SUV,Left,60000.00,,
EV9932020,EVDL,UK,5,2020,Sedan,Left,40000.00,,
EV1302022,EVADF,UK,3,2022,SUV,Left,110000.00,,
EV4262016,EVSE,UK,3,2016,SUV,Left,60000.00,,
EV10002021,EVDF,USA,3,2021,Hatchback,Right,60000.00,,
EV7032017,EVDL,UK,5,2017,SUV,Left,40000.00,,
EV5202022,EVADF,USA,5,2022,Sedan,Right,110000.00,,
EV7002020,EVSE,UK,5,2020,Sedan,Left,60000.00,,
EV8172019,EVDF,UK,5,2019,SUV,Right,60000.00,,
EV5192021,EVBTF,UK,5,2021,Sedan,Right,40000.00,,
EV9622021,EVDF,UK,5,2021,SUV,Right,60000.00,,
EV2342019,EVDF,UK,5,2019,Hatchback,Right,60000.00,,
EV5012022,EVDL,UK,3,2022,Hatchback,Left,40000.00,,
EV6012019,EVSE,UK,5,2019,SUV,Left,60000.00,,
EV3792021,EVDF,UK,3,2021,Hatchback,Left,60000.00,,
EV7802020,EVDF,UK,5,2020,Hatchback,Right,60000.00,,
EV5862020,EVADF,USA,5,2020,SUV,Left,110000.00,,
EV7402020,EVDL,UK,3,2020,SUV,Left,40000.00,,
EV5172018,EVDL,UK,3,2018,Sedan,Right,40000.00,,
EV1062018,EVADF,UK,5,2018,Sedan,Left,110000.00,,
EV3022017,EVDF,UK,3,2017,Hatchback,Left,60000.00,,
EV5462020,EVDL,UK,5,2020,SUV,Right,40000.00,,
EV8692021,EVADF,UK,3,2021,SUV,Right,110000.00,,
EV5072022,EVADF,UK,5,2022,Sedan,Right,110000.00,,
EV9192022,EVDF,UK,3,2022,Sedan,Left,60000.00,,
EV9742021,EVDF,USA,3,2021,Sedan,Right,60000.00,,
EV4142021,EVDF,UK,5,2021,Hatchback,Left,60000.00,,
EV8312019,EVADF,UK,5,2019,Hatchback,Left,110000.00,,
EV8472017,EVDF,USA,3,2017,Hatchback,Left,60000.00,,
EV6792021,EVADF,UK,3,2021,Sedan,Left,110000.00,,
EV5672020,EVSE,UK,3,2020,Sedan,Right,60000.00,,
EV2592022,EVADF,UK,5,2022,Sedan,Left,110000.00,,
EV7372022,EVDL,UK,3,2022,SUV,Left,40000.00,,
EV1222019,EVDF,UK,5,2019,Sedan,Left,60000.00,,
EV6722022,EVADF,UK,5,2022,Hatchback,Right,110000.00,,
EV4742019,EVSE,UK,5,2019,Hatchback,Left,60000.00,,
EV1112021,EVDF,UK,5,2021,Hatchback,Left,60000.00,,
EV8222019,EVADF,USA,5,2019,Hatchback,Left,110000.00,,
EV8532020,EVDF,UK,5,2020,Hatchback,Left,60000.00,,
EV0402020,EVADF,UK,3,2020,Sedan,Left,110000.00,,
EV4162020,EVADF,UK,5,2020,Sedan,Left,110000.00,,
EV3122022,EVDL,UK,5,2022,Hatchback,Left,40000.00,,
EV8952020,EVBTF,UK,5,2020,Sedan,Left,40000.00,,
EV9872018,EVDF,UK,5,2018,Hatchback,Left,60000.00,,
EV7702017,EVSE,UK,5,2017,Sedan,Right,60000.00,,
EV4272020,EVDF,USA,3,2020,SUV,Right,60000.00,,
EV4752021,EVADF,UK,5,2021,Hatchback,Left,110000.00,,
EV9982021,EVDL,UK,5,2021,Hatchback,Left,40000.00,,
EV8632019,EVDL,USA,3,2019,SUV,Left,40000.00,,
EV1732022,EVDF,UK,5,2022,Sedan,Left,60000.00,,
EV0212016,EVDF,USA,5,2016,SUV,Left,60000.00,,
EV1122018,EVDL,UK,5,2018,Sedan,Left,40000.00,,
EV9702016,EVDL,UK,5,2016,Hatchback,Right,40000.00,,
EV2292019,EVADF,UK,3,2019,Hatchback,Left,110000.00,,
EV3772022,EVBTF,UK,5,2022,SUV,Left,40000.00,,
EV6422018,EVDF,UK,3,2018,Hatchback,Right,60000.00,,
EV1352018,EVDF,USA,5,2018,Hatchback,Right,60000.00,,
EV3872018,EVADF,UK,3,2018,Hatchback,Right,110000.00,,
EV1782016,EVDF,UK,5,2016,Sedan,Right,60000.00,,
EV8922020,EVDF,UK,5,2020,SUV,Left,60000.00,,
EV4312021,EVSE,UK,5,2021,SUV,Left,60000.00,,
EV2152022,EVSE,UK,5,2022,Sedan,Left,60000.00,,
EV5832022,EVDF,UK,5,2022,Sedan,Left,60000.00,,
EV5612022,EVDF,UK,3,2022,Hatchback,Left,60000.00,,
EV8982020,EVDL,UK,5,2020,Sedan,Right,40000.00,,
EV9552020,EVBTF,USA,3,2020,Hatchback,Right,40000.00,,
EV8052019,EVDF,UK,5,2019,SUV,Left,60000.00,,
EV3312016,EVDF,UK,5,2016,Sedan,Left,60000.00,,
EV0582019,EVDL,UK,3,2019,Sedan,Left,40000.00,,
EV7232022,EVDL,UK,5,2022,Sedan,Left,40000.00,,
EV9812021,EVDF,UK,3,2021,Hatchback,Right,60000.00,,
EV5882016,EVDL,USA,3,2016,SUV,Right,40000.00,,
EV0602022,EVBTF,USA,3,2022,Sedan,Left,40000.00,,
EV1982022,EVDF,UK,5,2022,SUV,Left,60000.00,,
EV6132022,EVDF,UK,5,2022,SUV,Left,60000.00,,
EV4592020,EVDF,UK,5,2020,Hatchback,Left,60000.00,,
EV7522017,EVDF,UK,5,2017,Hatchback,Left,60000.00,,
EV8972020,EVDL,UK,5,2020,Sedan,Right,40000.00,,
EV0462022,EVDF,UK,5,2022,Hatchback,Right,60000.00,,
EV2962020,EVDF,UK,5,2020,Sedan,Left,60000.00,,
EV3442020,EVDF,UK,5,2020,Hatchback,Left,60000.00,,
EV1312016,EVADF,UK,5,2016,Sedan,Left,110000.00,,
EV0562020,EVDF,UK,3,2020,Hatchback,Left,60000.00,,
EV3892018,EVDF,UK,5,2018,Sedan,Left,60000.00,,
EV2582022,EVADF,USA,3,2022,Sedan,Left,110000.00,,
EV1052021,EVSE,UK,3,2021,Hatchback,Left,60000.00,,
EV3912017,EVSE,UK,3,2017,Hatchback,Left,60000.00,,
EV0162022,EVDF,UK,5,2022,Hatchback,Right,60000.00,,
EV8592022,EVDF,USA,5,2022,SUV,Left,60000.00,,
EV8862020,EVADF,UK,3,2020,Sedan,Left,110000.00,,
EV8812016,EVADF,UK,5,2016,SUV,Left,110000.00,,
EV7732022,EVDF,UK,5,2022,SUV,Left,60000.00,,
EV9572019,EVDF,USA,3,2019,Sedan,Left,60000.00,,
EV6092019,EVDL,UK,5,2019,SUV,Right,40000.00,,
EV9082020,EVDL,UK,5,2020,SUV,Left,40000.00,,
EV2872022,EVDF,UK,5,2022,Sedan,Left,60000.00,,
EV9102021,EVDF,UK,5,2021,Sedan,Left,60000.00,,
EV1542019,EVSE,UK,3,2019,SUV,Right,60000.00,,
EV0662022,EVDL,UK,5,2022,Sedan,Right,40000.00,,
EV3752022,EVDF,UK,3,2022,SUV,Left,60000.00,,
EV8382022,EVSE,UK,3,2022,Sedan,Left,60000.00,,
EV2882019,EVADF,UK,5,2019,Hatchback,Left,110000.00,,
EV4222020,EVDF,UK,3,2020,Hatchback,Left,60000.00,,
EV9202021,EVSE,UK,5,2021,SUV,Left,60000.00,,
EV7662021,EVADF,UK,3,2021,Hatchback,Left,110000.00,,
EV5272020,EVSE,USA,5,2020,Hatchback,Left,60000.00,,
EV1572019,EVDF,UK,3,2019,Sedan,Left,60000.00,,
EV5212020,EVSE,UK,3,2020,Sedan,Left,60000.00,,
EV9602022,EVDF,UK,5,2022,SUV,Left,60000.00,,
EV7322021,EVDF,UK,5,2021,Sedan,Right,60000.00,,
EV1362022,EVSE,UK,3,2022,SUV,Right,60000.00,,
EV0742020,EVDF,USA,5,2020,Hatchback,Right,60000.00,,
EV8562022,EVADF,UK,3,2022,Sedan,Left,110000.00,,
EV5902022,EVDL,USA,5,2022,Sedan,Left,40000.00,,
EV6212021,EVSE,UK,5,2021,Sedan,Left,60000.00,,
EV2072019,EVADF,UK,3,2019,SUV,Left,110000.00,,
EV1652020,EVDF,USA,5,2020,SUV,Left,60000.00,,
EV2352021,EVDF,UK,5,2021,Sedan,Left,60000.00,,
EV2372017,EVDF,UK,5,2017,Sedan,Left,60000.00,,
EV8902021,EVDF,USA,5,2021,SUV,Left,60000.00,,
EV0342021,EVADF,USA,3,2021,SUV,Right,110000.00,,
EV9882022,EVDF,UK,3,2022,Sedan,Left,60000.00,,
EV2762020,EVDF,UK,3,2020,Hatchback,Right,60000.00,,
EV9282020,EVDF,UK,3,2020,Hatchback,Left,60000.00,,
EV7102018,EVADF,UK,5,2018,SUV,Right,110000.00,,
EV0082021,EVDF,UK,3,2021,Sedan,Left,60000.00,,
EV6192022,EVADF,UK,5,2022,Sedan,Left,110000.00,,
EV6612017,EVADF,UK,5,2017,Hatchback,Right,110000.00,,
EV0152021,EVDF,UK,5,2021,Hatchback,Right,60000.00,,
EV3992016,EVSE,UK,3,2016,Hatchback,Left,60000.00,,
EV5352016,EVBTF,UK,3,2016,Hatchback,Left,40000.00,,
EV3322020,EVDF,UK,3,2020,SUV,Left,60000.00,,
EV2522019,EVADF,UK,5,2019,Sedan,Left,110000.00,,
EV9002020,EVDL,UK,5,2020,Sedan,Left,40000.00,,
EV6292022,EVDL,UK,5,2022,Hatchback,Left,40000.00,,
EV1492022,EVDF,UK,5,2022,Sedan,Left,60000.00,,
EV4232022,EVADF,USA,5,2022,Hatchback,Left,110000.00,,
EV8512022,EVADF,USA,3,2022,Sedan,Left,110000.00,,
EV9522017,EVDF,UK,5,2017,Hatchback,Right,60000.00,,
EV3082021,EVDF,USA,5,2021,SUV,Left,60000.00,,
EV3492022,EVDL,UK,5,2022,SUV,Left,40000.00,,
EV5822022,EVADF,UK,3,2022,Hatchback,Left,110000.00,,
EV3782022,EVBTF,USA,3,2022,Hatchback,Left,40000.00,,
EV6112016,EVDF,UK,5,2016,Sedan,Right,60000.00,,
EV5622020,EVDL,UK,3,2020,Sedan,Left,40000.00,,
EV1992021,EVSE,UK,3,2021,Sedan,Left,60000.00,,
EV8552021,EVDF,UK,5,2021,SUV,Left,60000.00,,
EV1152022,EVADF,UK,5,2022,SUV,Left,110000.00,,
EV6572021,EVADF,USA,5,2021,Sedan,Left,110000.00,,
EV0492022,EVDF,UK,3,2022,Sedan,Left,60000.00,,
EV5222019,EVDF,UK,5,2019,Sedan,Left,60000.00,,
EV4732021,EVDL,UK,5,2021,Hatchback,Left,40000.00,,
EV1702021,EVDF,UK,3,2021,Sedan,Right,60000.00,,
EV6262021,EVSE,UK,3,2021,Sedan,Right,60000.00,,
EV9502017,EVDF,UK,5,2017,Hatchback,Left,60000.00,,
EV5152021,EVDL,UK,5,2021,Hatchback,Left,40000.00,,
EV0172022,EVBTF,USA,5,2022,Sedan,Left,40000.00,,
EV6582021,EVBTF,UK,5,2021,Sedan,Left,40000.00,,
EV9542020,EVADF,UK,5,2020,Sedan,Left,110000.00,,
EV0112018,EVDF,USA,3,2018,Hatchback,Left,60000.00,,
EV3972020,EVDL,USA,3,2020,SUV,Left,40000.00,,
EV0802021,EVADF,UK,5,2021,Hatchback,Left,110000.00,,
EV1552021,EVDL,UK,3,2021,Hatchback,Left,40000.00,,
EV8772019,EVDF,UK,5,2019,Sedan,Left,60000.00,,
EV6932016,EVDL,UK,5,2016,Sedan,Left,40000.00,,
EV9662022,EVDL,UK,3,2022,Sedan,Left,40000.00,,
EV4632020,EVDF,UK,3,2020,Hatchback,Left,60000.00,,
EV2672017,EVSE,UK,3,2017,Sedan,Right,60000.00,,
EV8622022,EVDL,UK,3,2022,Hatchback,Right,40000.00,,
EV2832019,EVDL,UK,5,2019,SUV,Right,40000.00,,
EV1882022,EVADF,USA,5,2022,Sedan,Left,110000.00,,
EV8202019,EVDF,UK,3,2019,Hatchback,Left,60000.00,,
EV0422021,EVDF,UK,3,2021,Sedan,Right,60000.00,,
EV3212020,EVSE,UK,5,2020,Sedan,Right,60000.00,,
EV9732022,EVADF,UK,5,2022,Sedan,Left,110000.00,,
EV3882017,EVDF,UK,3,2017,SUV,Left,60000.00,,
EV2722019,EVADF,UK,5,2019,SUV,Right,110000.00,,
EV3432022,EVDL,UK,5,2022,SUV,Right,40000.00,,
EV6252022,EVDL,UK,5,2022,Hatchback,Right,40000.00,,
EV6952020,EVDL,USA,3,2020,Hatchback,Left,40000.00,,
EV6462018,EVDF,UK,5,2018,SUV,Left,60000.00,,
EV6742022,EVDF,UK,5,2022,SUV,Right,60000.00,,
EV2182021,EVDL,UK,3,2021,SUV,Left,40000.00,,
EV2792021,EVDF,UK,5,2021,Hatchback,Left,60000.00,,
EV2282022,EVDF,UK,5,2022,Hatchback,Left,60000.00,,
EV4462020,EVDF,UK,5,2020,Sedan,Right,60000.00,,
EV3552022,EVADF,UK,3,2022,Sedan,Left,110000.00,,
EV1972022,EVBTF,UK,5,2022,SUV,Right,40000.00,,
EV2822021,EVDF,USA,3,2021,Sedan,Left,60000.00,,
EV6282017,EVDF,USA,5,2017,SUV,Left,60000.00,,
EV7282022,EVDF,UK,5,2022,Hatchback,Right,60000.00,,
EV3262022,EVDF,UK,5,2022,SUV,Left,60000.00,,
EV3012022,EVDF,UK,5,2022,Sedan,Left,60000.00,,
EV5472020,EVADF,USA,3,2020,Sedan,Left,110000.00,,
EV9152020,EVADF,UK,5,2020,SUV,Left,110000.00,,
EV1022016,EVDF,USA,3,2016,Sedan,Right,60000.00,,
EV0482016,EVDL,UK,3,2016,Sedan,Left,40000.00,,
EV6982019,EVADF,UK,5,2019,Sedan,Left,110000.00,,
EV5942022,EVBTF,UK,3,2022,Sedan,Left,40000.00,,
EV1072022,EVDF,UK,3,2022,Sedan,Left,60000.00,,
EV9632016,EVDF,USA,5,2016,SUV,Right,60000.00,,
EV2392020,EVDF,UK,5,2020,Hatchback,Left,60000.00,,
EV8642021,EVDF,UK,3,2021,Sedan,Left,60000.00,,
EV0452020,EVDF,UK,5,2020,Hatchback,Left,60000.00,,
EV1282019,EVADF,UK,5,2019,Sedan,Left,110000.00,,
EV1402018,EVADF,UK,3,2018,Sedan,Left,110000.00,,
EV1452020,EVADF,UK,5,2020,Hatchback,Right,110000.00,,
EV3562020,EVSE,USA,5,2020,Sedan,Left,60000.00,,
EV2202019,EVDF,USA,3,2019,SUV,Right,60000.00,,
EV1002020,EVDF,UK,3,2020,SUV,Left,60000.00,,
EV7092020,EVADF,UK,3,2020,Sedan,Right,110000.00,,
EV2512022,EVDF,UK,5,2022,Hatchback,Left,60000.00,,
EV1842022,EVDL,UK,5,2022,Hatchback,Right,40000.00,,
EV2412021,EVADF,UK,5,2021,Sedan,Right,110000.00,,
EV8002021,EVADF,USA,5,2021,SUV,Right,110000.00,,
EV5382020,EVADF,UK,3,2020,Hatchback,Left,110000.00,,
EV3252021,EVADF,UK,3,2021,Hatchback,Right,110000.00,,
EV1082022,EVADF,UK,3,2022,SUV,Left,110000.00,,
EV6382021,EVSE,UK,3,2021,Hatchback,Left,60000.00,,
EV4482020,EVADF,UK,5,2020,Hatchback,Left,110000.00,,
EV3622021,EVDF,UK,5,2021,Sedan,Right,60000.00,,
EV3422022,EVDF,UK,3,2022,Sedan,Left,60000.00,,
EV1442021,EVADF,USA,5,2021,Sedan,Left,110000.00,,
EV6472020,EVADF,UK,5,2020,Hatchback,Right,110000.00,,
EV7492019,EVDF,UK,5,2019,Hatchback,Right,60000.00,,
EV8072021,EVDL,UK,3,2021,Sedan,Left,40000.00,,
EV1142019,EVDF,UK,3,2019,Hatchback,Left,60000.00,,
EV4472019,EVDL,UK,5,2019,Sedan,Left,40000.00,,
EV4042022,EVSE,USA,5,2022,Hatchback,Left,60000.00,,
EV7902022,EVDF,UK,5,2022,Sedan,Left,60000.00,,
EV7952021,EVDF,USA,3,2021,Hatchback,Left,60000.00,,
EV9302021,EVADF,UK,3,2021,SUV,Right,110000.00,,
EV2842019,EVDF,USA,5,2019,Hatchback,Right,60000.00,,
EV3412020,EVDF,UK,5,2020,Hatchback,Right,60000.00,,
EV9492022,EVDF,USA,5,2022,SUV,Left,60000.00,,
EV6242020,EVSE,UK,5,2020,Hatchback,Left,60000.00,,
EV8832019,EVDF,UK,5,2019,Hatchback,Left,60000.00,,
EV2142017,EVADF,UK,3,2017,Sedan,Right,110000.00,,
EV0292022,EVADF,UK,3,2022,SUV,Right,110000.00,,
EV2002020,EVADF,UK,3,2020,SUV,Right,110000.00,,
EV4112021,EVDF,UK,5,2021,SUV,Right,60000.00,,
EV5342022,EVDF,UK,5,2022,Sedan,Left,60000.00,,
EV4342022,EVSE,UK,5,2022,SUV,Left,60000.00,,
EV1242020,EVDL,UK,5,2020,SUV,Right,40000.00,,
EV0822021,EVDF,UK,5,2021,Sedan,Left,60000.00,,
EV6882022,EVDF,UK,5,2022,SUV,Right,60000.00,,
EV5602021,EVDL,UK,3,2021,Sedan,Left,40000.00,,
EV4802019,EVDF,UK,3,2019,Hatchback,Left,60000.00,,
EV3932021,EVDL,UK,5,2021,Hatchback,Right,40000.00,,
EV5992018,EVDF,UK,5,2018,Hatchback,Left,60000.00,,
EV4012021,EVADF,UK,5,2021,SUV,Right,110000.00,,
EV6562021,EVDF,USA,5,2021,Hatchback,Right,60000.00,,
EV1232020,EVADF,UK,5,2020,Sedan,Left,110000.00,,
EV5372019,EVADF,UK,5,2019,SUV,Left,110000.00,,
EV6162018,EVDL,USA,5,2018,Sedan,Right,40000.00,,
EV4602017,EVDF,UK,5,2017,Hatchback,Right,60000.00,,
EV9652022,EVDL,UK,3,2022,Sedan,Right,40000.00,,
EV9262020,EVSE,UK,3,2020,Sedan,Right,60000.00,,
EV2302020,EVDF,UK,3,2020,Hatchback,Left,60000.00,,
EV1412022,EVDF,UK,5,2022,Hatchback,Left,60000.00,,
EV6452017,EVADF,UK,5,2017,Sedan,Left,110000.00,,
EV4102022,EVDF,USA,5,2022,Sedan,Left,60000.00,,
EV4642022,EVDL,UK,5,2022,Sedan,Left,40000.00,,
EV9612020,EVDF,USA,5,2020,Hatchback,Left,60000.00,,
EV9062021,EVDF,UK,5,2021,SUV,Left,60000.00,,
EV7022017,EVDF,UK,5,2017,Hatchback,Right,60000.00,,
EV0102022,EVSE,UK,3,2022,Hatchback,Right,60000.00,,
EV4242022,EVDL,UK,3,2022,Sedan,Left,40000.00,,
EV3722021,EVDL,USA,3,2021,Hatchback,Left,40000.00,,
EV0962018,EVSE,UK,3,2018,Hatchback,Left,60000.00,,
EV7252022,EVDF,UK,3,2022,Hatchback,Left,60000.00,,
EV4292022,EVDF,UK,5,2022,SUV,Left,60000.00,,
EV5562022,EVDF,UK,5,2022,Hatchback,Left,60000.00,,
EV6172019,EVSE,UK,3,2019,Hatchback,Left,60000.00,,
EV8742016,EVDF,USA,3,2016,SUV,Right,60000.00,,
EV2122022,EVDF,UK,3,2022,SUV,Left,60000.00,,
EV4332022,EVDF,UK,5,2022,SUV,Left,60000.00,,
EV0122022,EVDL,UK,3,2022,SUV,Left,40000.00,,
EV8802022,EVBTF,USA,3,2022,Sedan,Left,40000.00,,
EV3272019,EVDF,UK,3,2019,SUV,Left,60000.00,,
EV9402021,EVBTF,UK,5,2021,SUV,Right,40000.00,,
EV9092020,EVSE,USA,5,2020,Sedan,Left,60000.00,,
EV2772021,EVADF,UK,5,2021,Sedan,Right,110000.00,,
EV1772019,EVDL,UK,5,2019,Sedan,Left,40000.00,,
EV1602022,EVADF,UK,3,2022,SUV,Left,110000.00,,
EV8342019,EVDF,USA,5,2019,SUV,Right,60000.00,,
EV6272021,EVDF,USA,3,2021,SUV,Left,60000.00,,
EV6022019,EVSE,UK,5,2019,Hatchback,Right,60000.00,,
EV6622021,EVBTF,UK,5,2021,SUV,Left,40000.00,,
EV6732020,EVDL,UK,5,2020,Hatchback,Left,40000.00,,
EV7862022,EVADF,UK,3,2022,Sedan,Right,110000.00,,
EV0782020,EVADF,USA,3,2020,Sedan,Left,110000.00,,
EV3702022,EVDL,USA,5,2022,Hatchback,Left,40000.00,,
EV2602022,EVBTF,UK,5,2022,Sedan,Left,40000.00,,
EV3092016,EVDF,UK,5,2016,Hatchback,Left,60000.00,,
EV8282020,EVSE,USA,5,2020,Sedan,Right,60000.00,,
EV6142017,EVBTF,UK,3,2017,Sedan,Left,40000.00,,
EV8852018,EVDF,USA,5,2018,Sedan,Left,60000.00,,
EV0892017,EVDF,UK,5,2017,Hatchback,Right,60000.00,,
EV7632022,EVDF,UK,5,2022,Hatchback,Right,60000.00,,
EV0382019,EVDF,UK,5,2019,SUV,Left,60000.00,,
EV2032020,EVDF,USA,3,2020,SUV,Left,60000.00,,
EV6362017,EVDL,USA,5,2017,Hatchback,Right,40000.00,,
EV3942022,EVDF,UK,5,2022,SUV,Right,60000.00,,
EV4122021,EVDF,UK,5,2021,Sedan,Left,60000.00,,
EV5962021,EVADF,UK,5,2021,Sedan,Left,110000.00,,
EV7062022,EVADF,USA,3,2022,SUV,Left,110000.00,,
EV5252018,EVDL,UK,5,2018,Hatchback,Left,40000.00,,
EV6822020,EVDF,UK,5,2020,Hatchback,Right,60000.00,,
EV8732020,EVDF,UK,5,2020,Sedan,Right,60000.00,,
EV9672022,EVADF,UK,5,2022,SUV,Right,110000.00,,
EV6842021,EVDF,UK,5,2021,Sedan,Left,60000.00,,
EV8662021,EVDL,UK,5,2021,Sedan,Right,40000.00,,
EV7722019,EVDL,UK,5,2019,Hatchback,Right,40000.00,,
EV1522020,EVDF,USA,5,2020,Sedan,Left,60000.00,,
EV2052020,EVDL,UK,5,2020,Hatchback,Left,40000.00,,
EV9362022,EVDL,UK,3,2022,Sedan,Right,40000.00,,
EV3532022,EVADF,UK,3,2022,SUV,Right,110000.00,,
EV0812016,EVSE,UK,5,2016,Hatchback,Right,60000.00,,
EV9462019,EVADF,UK,5,2019,SUV,Right,110000.00,,
EV3832020,EVDL,UK,5,2020,Sedan,Left,40000.00,,
EV4062016,EVDF,UK,3,2016,SUV,Left,60000.00,,
EV8152018,EVDF,UK,5,2018,SUV,Left,60000.00,,
EV9112022,EVDF,USA,5,2022,SUV,Left,60000.00,,
EV6652020,EVDL,UK,5,2020,SUV,Left,40000.00,,
EV6642021,EVDF,USA,5,2021,Hatchback,Left,60000.00,,
EV3822021,EVBTF,UK,5,2021,Hatchback,Left,40000.00,,
EV0722021,EVDF,UK,5,2021,SUV,Left,60000.00,,
EV2622020,EVSE,UK,5,2020,Sedan,Left,60000.00,,
EV7822020,EVDF,UK,3,2020,SUV,Left,60000.00,,
EV3402022,EVSE,UK,3,2022,Hatchback,Right,60000.00,,
EV1712022,EVDL,UK,5,2022,SUV,Left,40000.00,,
EV0242018,EVADF,USA,5,2018,Hatchback,Left,110000.00,,
EV3542020,EVDF,UK,5,2020,Hatchback,Right,60000.00,,
EV3072018,EVDL,UK,5,2018,Hatchback,Left,40000.00,,
EV4412021,EVDF,UK,3,2021,SUV,Left,60000.00,,
EV4722018,EVDL,UK,5,2018,Sedan,Right,40000.00,,
EV4422022,EVDF,UK,5,2022,Sedan,Left,60000.00,,
EV7242022,EVADF,UK,5,2022,Hatchback,Left,110000.00,,
EV9052022,EVDL,USA,3,2022,Hatchback,Left,40000.00,,
EV5742022,EVDL,UK,3,2022,Sedan,Left,40000.00,,
EV6532021,EVDF,USA,5,2021,SUV,Left,60000.00,,
EV7352019,EVDF,UK,5,2019,SUV,Left,60000.00,,
EV3332022,EVDL,UK,3,2022,Hatchback,Left,40000.00,,
EV7692021,EVDF,USA,3,2021,Hatchback,Right,60000.00,,
EV9312022,EVDF,UK,5,2022,Hatchback,Right,60000.00,,
EV2732018,EVDL,UK,5,2018,SUV,Left,40000.00,,
EV5702022,EVADF,USA,5,2022,SUV,Left,110000.00,,
EV0912022,EVDL,UK,3,2022,SUV,Left,40000.00,,
EV5592018,EVDF,UK,3,2018,SUV,Left,60000.00,,
EV6322021,EVDF,UK,3,2021,Hatchback,Left,60000.00,,
EV6632018,EVDF,UK,5,2018,SUV,Left,60000.00,,
EV8682022,EVDF,UK,3,2022,Sedan,Right,60000.00,,
EV8362021,EVDF,UK,5,2021,Hatchback,Left,60000.00,,
EV7392016,EVSE,UK,5,2016,Sedan,Left,60000.00,,
EV8912022,EVDF,UK,5,2022,Sedan,Right,60000.00,,
EV5652018,EVDL,UK,5,2018,Sedan,Right,40000.00,,
EV8702021,EVDF,USA,5,2021,Hatchback,Left,60000.00,,
EV2922022,EVSE,UK,3,2022,Hatchback,Left,60000.00,,
EV7752021,EVDF,UK,5,2021,Sedan,Left,60000.00,,
EV2222020,EVADF,USA,3,2020,Sedan,Left,110000.00,,
EV3342020,EVDF,UK,5,2020,Sedan,Left,60000.00,,
EV4822020,EVDF,UK,5,2020,Hatchback,Right,60000.00,,
EV5522021,EVADF,UK,5,2021,Hatchback,Right,110000.00,,
EV0772020,EVDF,UK,5,2020,Hatchback,Left,60000.00,,
EV8372019,EVDL,UK,3,2019,Hatchback,Right,40000.00,,
EV3302021,EVSE,UK,5,2021,Hatchback,Left,60000.00,,
EV1292017,EVSE,UK,5,2017,Sedan,Right,60000.00,,
EV1392022,EVSE,UK,5,2022,SUV,Left,60000.00,,
EV8022022,EVDF,UK,3,2022,Hatchback,Left,60000.00,,
EV8652022,EVSE,UK,3,2022,SUV,Left,60000.00,,
EV3852021,EVSE,UK,5,2021,Sedan,Right,60000.00,,
EV6772017,EVDF,UK,3,2017,Sedan,Left,60000.00,,
EV0142021,EVADF,USA,5,2021,Hatchback,Left,110000.00,,
EV5782022,EVDL,USA,3,2022,Hatchback,Right,40000.00,,
EV9862021,EVDL,UK,3,2021,Hatchback,Left,40000.00,,
EV8262018,EVDL,UK,3,2018,SUV,Left,40000.00,,
EV7472022,EVDF,USA,5,2022,Hatchback,Right,60000.00,,
EV9232022,EVDF,UK,5,2022,Hatchback,Left,60000.00,,
EV9292020,EVDF,UK,5,2020,Hatchback,Left,60000.00,,
EV8872020,EVDF,UK,3,2020,Sedan,Left,60000.00,,
EV7932018,EVSE,UK,5,2018,Hatchback,Left,60000.00,,
EV2272021,EVDL,UK,5,2021,Sedan,Left,40000.00,,
EV5362018,EVDL,UK,3,2018,SUV,Left,40000.00,,
EV8042022,EVDF,USA,3,2022,Hatchback,Right,60000.00,,
EV5032022,EVDL,UK,3,2022,Sedan,Left,40000.00,,
EV4032020,EVADF,UK,5,2020,Hatchback,Left,110000.00,,
EV2682020,EVDF,UK,5,2020,Hatchback,Right,60000.00,,
EV1422019,EVDF,UK,3,2019,Sedan,Left,60000.00,,
EV1472020,EVDF,UK,5,2020,Hatchback,Left,60000.00,,
EV4852022,EVDF,UK,3,2022,Hatchback,Right,60000.00,,
EV6912022,EVADF,UK,3,2022,Sedan,Right,110000.00,,
EV9032021,EVDL,UK,5,2021,Sedan,Right,40000.00,,
EV9162022,EVDL,UK,5,2022,Hatchback,Left,40000.00,,
EV0682018,EVADF,UK,3,2018,Hatchback,Left,110000.00,,
EV5752016,EVDF,UK,5,2016,SUV,Right,60000.00,,
EV0262021,EVDL,UK,3,2021,SUV,Left,40000.00,,
EV6992020,EVADF,UK,5,2020,SUV,Left,110000.00,,
EV2102021,EVDL,UK,3,2021,Hatchback,Left,40000.00,,
EV6072022,EVDL,UK,5,2022,Sedan,Left,40000.00,,
EV8242022,EVDF,UK,5,2022,Sedan,Right,60000.00,,
EV7502018,EVDF,UK,5,2018,Sedan,Right,60000.00,,
EV4832022,EVDF,UK,3,2022,Hatchback,Left,60000.00,,
EV8582022,EVADF,UK,5,2022,SUV,Left,110000.00,,
EV0522022,EVDF,UK,3,2022,SUV,Left,60000.00,,
EV4552021,EVADF,UK,5,2021,SUV,Right,110000.00,,
EV4402021,EVDF,UK,3,2021,SUV,Left,60000.00,,
EV6832021,EVDF,UK,3,2021,Sedan,Left,60000.00,,
EV9322022,EVSE,UK,5,2022,Hatchback,Right,60000.00,,
EV9382020,EVDF,UK,3,2020,Hatchback,Left,60000.00,,
EV1832022,EVADF,UK,5,2022,Sedan,Left,110000.00,,
EV8502019,EVSE,UK,3,2019,SUV,Right,60000.00,,
EV7152020,EVADF,UK,5,2020,SUV,Left,110000.00,,
EV2062019,EVDF,UK,3,2019,SUV,Right,60000.00,,
EV6312021,EVDF,UK,5,2021,Sedan,Left,60000.00,,
EV1662021,EVDL,UK,5,2021,Hatchback,Right,40000.00,,
EV0732019,EVDF,UK,3,2019,Hatchback,Left,60000.00,,
EV1752021,EVDF,UK,5,2021,Sedan,Left,60000.00,,
EV7412020,EVADF,UK,5,2020,SUV,Left,110000.00,,
EV1322019,EVSE,UK,5,2019,Hatchback,Left,60000.00,,
EV5572021,EVADF,UK,5,2021,Hatchback,Left,110000.00,,
EV6352018,EVDL,UK,5,2018,Sedan,Right,40000.00,,
EV6372020,EVSE,UK,5,2020,SUV,Right,60000.00,,
EV4082021,EVADF,USA,5,2021,Sedan,Left,110000.00,,
EV0792022,EVDF,UK,5,2022,Hatchback,Left,60000.00,,
EV6032022,EVDF,UK,5,2022,Sedan,Left,60000.00,,
EV4932021,EVBTF,USA,3,2021,Sedan,Left,40000.00,,
EV0512022,EVSE,UK,5,2022,Hatchback,Left,60000.00,,
EV2662022,EVADF,UK,3,2022,SUV,Right,110000.00,,
EV7072021,EVDF,UK,5,2021,SUV,Left,60000.00,,
EV5432022,EVSE,UK,5,2022,Sedan,Left,60000.00,,
EV0442020,EVDL,UK,3,2020,Hatchback,Right,40000.00,,
EV5762021,EVDF,USA,5,2021,SUV,Left,60000.00,,
EV1792021,EVDF,UK,5,2021,SUV,Right,60000.00,,
EV9822019,EVDL,UK,5,2019,SUV,Left,40000.00,,
EV3142022,EVDF,UK,3,2022,Hatchback,Left,60000.00,,
EV7682021,EVDF,UK,5,2021,Hatchback,Left,60000.00,,
EV7672020,EVDF,USA,3,2020,SUV,Left,60000.00,,
EV3392018,EVDF,UK,3,2018,Hatchback,Left,60000.00,,
EV3662021,EVDL,UK,3,2021,SUV,Left,40000.00,,
EV3802022,EVDL,UK,5,2022,Hatchback,Left,40000.00,,
EV0372020,EVDF,UK,5,2020,SUV,Left,60000.00,,
EV7652018,EVDF,UK,5,2018,Hatchback,Left,60000.00,,
EV8602017,EVDF,UK,3,2017,Hatchback,Left,60000.00,,
EV5872022,EVDL,UK,5,2022,Hatchback,Left,40000.00,,
EV3472018,EVDF,UK,5,2018,SUV,Left,60000.00,,
EV7712019,EVSE,UK,3,2019,Sedan,Left,60000.00,,
EV9172020,EVDL,UK,5,2020,Sedan,Left,40000.00,,
EV1032018,EVDF,USA,5,2018,SUV,Left,60000.00,,
EV5842021,EVDF,UK,5,2021,SUV,Right,60000.00,,
EV0042020,EVDF,USA,3,2020,Hatchback,Left,60000.00,,
EV9222018,EVDF,UK,3,2018,Hatchback,Left,60000.00,,
EV1822020,EVDL,USA,3,2020,Sedan,Left,40000.00,,
EV7182018,EVSE,USA,5,2018,Hatchback,Left,60000.00,,
EV9912022,EVDF,UK,5,2022,Hatchback,Left,60000.00,,
EV2192019,EVDF,UK,5,2019,Sedan,Left,60000.00,,
EV7982021,EVDL,UK,5,2021,Sedan,Left,40000.00,,
EV4812020,EVDF,UK,5,2020,Hatchback,Left,60000.00,,
EV8432022,EVBTF,UK,3,2022,Sedan,Right,40000.00,,
EV4882021,EVDL,UK,3,2021,Hatchback,Left,40000.00,,
EV4922021,EVDF,USA,3,2021,Sedan,Left,60000.00,,
EV2022021,EVADF,UK,5,2021,SUV,Right,110000.00,,
EV0622021,EVADF,USA,5,2021,Sedan,Left,110000.00,,
EV6552021,EVADF,UK,3,2021,Hatchback,Left,110000.00,,
EV0322020,EVDF,UK,5,2020,SUV,Left,60000.00,,
EV5692016,EVDF,UK,3,2016,SUV,Left,60000.00,,
EV0692019,EVDF,UK,5,2019,Sedan,Left,60000.00,,
EV6712021,EVDF,UK,5,2021,Sedan,Right,60000.00,,
EV1092022,EVDF,USA,5,2022,SUV,Left,60000.00,,
